Workbook
Name Slicer_Order_Status: #N/A
Name Slicer_Region: #N/A

Sheet Task Instructions
A1: Excel Pivot tables and Pivot charts task
A3: Objective: Build a simple Interactive Sales Dashboard
A5: Your Steps:
A6: Create Relationship: connect [Product ID] from Products to [Product ID] from Sales. (XLOOKUP)
A7: Pivot Tables & Charts: Create the 4 required analytical charts on hidden sheets.
A8: Dashboard Design: Move all charts to the 'Dashboard' sheet, insert Slicers, and connect them using Report Connections.
A10: Good Luck, Data Analyst! Deliver your absolute best work.

Sheet Charts
A1: What is the Total Revenue & Total Orders Trend over time (Monthly Analysis)?
A3: Row Labels | B3: Sum of Total Revenue | C3: Count of Order ID
A4: January | B4: 99306.66 | C4: 133
A5: February | B5: 119716.11 | C5: 155
A6: March | B6: 110296.77 | C6: 134
A7: April | B7: 97566.91 | C7: 125
A8: May | B8: 96777.18 | C8: 123
A9: June | B9: 87766.75 | C9: 130
A10: Grand Total | B10: 611430.38 | C10: 800
A29: Which Product Categories are generating the highest revenue?
B31: Row Labels | C31: Sum of Total Revenue
B32: Electronics | C32: 455642.68
B33: Accessories | C33: 93540.19
B34: Furniture | C34: 62247.51
B35: Grand Total | C35: 611430.38
A78: Who are the Top 5 Salesmen based on performance?
B80: Row Labels | C80: Sum of Total Revenue
B81: Youssef Zayed | C81: 126146.13
B82: Arwa Mahmoud | C82: 124386.09
B83: Sara Amr | C83: 123816.27
B84: Ahmed Ali | C84: 122696.23
B85: Omar Hassan | C85: 114385.66
B86: Grand Total | C86: 611430.38
A132: How is revenue distributed across different Sales Regions?
B134: Row Labels | C134: Sum of Total Revenue
B135: East | C135: 152004.87
B136: North | C136: 153945.06
B137: South | C137: 178994.76
B138: West | C138: 126485.69
B139: Grand Total | C139: 611430.38

Sheet Sales
A1: Order ID | B1: Month | C1: Product ID | D1: Salesman | E1: Region | F1: Quantity | G1: Order Status | H1: Product Name | I1: Category | J1: Unit Price | K1: Total Revenue | S1: Total Orders | T1: Product ID | U1: Product Name | V1: Category | W1: Unit Price
A2: ORD-7000 | B2: April | C2: PROD-201 | D2: Youssef Zayed | E2: South | F2: 4 | G2: Delivered | H2: {=_xlfn.XLOOKUP(C2,Products!A:A,Products!B:D)} -> Tablet Air | I2: Electronics | J2: 499.99 | K2: =IF(G2="Cancelled", 0, F2*J2) -> 1999.96 | S2: =COUNTIF($C$2:$C$35, T2) -> 6 | T2: {=_xlfn.XLOOKUP(Products!A2:A9, Products!A2:A9, Products!A2:D9, "")} -> PROD-200 | U2: {=_xlfn.XLOOKUP(Products!B2:B9, Products!B2:B9, Products!B2:E9, "")} -> Smartphone X | V2: {=_xlfn.XLOOKUP(Products!C2:C9, Products!C2:C9, Products!C2:F9, "")} -> Electronics | W2: {=_xlfn.XLOOKUP(Products!D2:D9, Products!D2:D9, Products!D2:G9, "")} -> 999.99
A3: ORD-7001 | B3: April | C3: PROD-205 | D3: Youssef Zayed | E3: West | F3: 3 | G3: Cancelled | H3: {=_xlfn.XLOOKUP(C3,Products!A:A,Products!B:D)} -> 4K Monitor | I3: Electronics | J3: 349.99 | K3: =IF(G3="Cancelled", 0, F3*J3) -> 0 | S3: =COUNTIF($C$2:$C$30, T3) -> 1 | T3: PROD-201 | U3: Tablet Air | V3: Electronics | W3: 499.99
A4: ORD-7002 | B4: February | C4: PROD-200 | D4: Ahmed Ali | E4: South | F4: 5 | G4: Delivered | H4: {=_xlfn.XLOOKUP(C4,Products!A:A,Products!B:D)} -> Smartphone X | I4: Electronics | J4: 999.99 | K4: =IF(G4="Cancelled", 0, F4*J4) -> 4999.95 | S4: =COUNTIF($C$2:$C$30, T4) -> 4 | T4: PROD-202 | U4: Wireless Headphones | V4: Accessories | W4: 149.99
A5: ORD-7003 | B5: May | C5: PROD-203 | D5: Arwa Mahmoud | E5: West | F5: 5 | G5: Delivered | H5: {=_xlfn.XLOOKUP(C5,Products!A:A,Products!B:D)} -> Mechanical Keyboard | I5: Accessories | J5: 89.99 | K5: =IF(G5="Cancelled", 0, F5*J5) -> 449.95 | S5: =COUNTIF($C$2:$C$30, T5) -> 4 | T5: PROD-203 | U5: Mechanical Keyboard | V5: Accessories | W5: 89.99
A6: ORD-7004 | B6: February | C6: PROD-204 | D6: Sara Amr | E6: West | F6: 4 | G6: Cancelled | H6: {=_xlfn.XLOOKUP(C6,Products!A:A,Products!B:D)} -> Gaming Mouse | I6: Accessories | J6: 49.99 | K6: =IF(G6="Cancelled", 0, F6*J6) -> 0 | S6: =COUNTIF($C$2:$C$30, T6) -> 3 | T6: PROD-204 | U6: Gaming Mouse | V6: Accessories | W6: 49.99
A7: ORD-7005 | B7: February | C7: PROD-206 | D7: Sara Amr | E7: North | F7: 5 | G7: Delivered | H7: {=_xlfn.XLOOKUP(C7,Products!A:A,Products!B:D)} -> Bluetooth Speaker | I7: Accessories | J7: 79.99 | K7: =IF(G7="Cancelled", 0, F7*J7) -> 399.95 | S7: =COUNTIF($C$2:$C$30, T7) -> 7 | T7: PROD-205 | U7: 4K Monitor | V7: Electronics | W7: 349.99
A8: ORD-7006 | B8: February | C8: PROD-205 | D8: Youssef Zayed | E8: South | F8: 4 | G8: Delivered | H8: {=_xlfn.XLOOKUP(C8,Products!A:A,Products!B:D)} -> 4K Monitor | I8: Electronics | J8: 349.99 | K8: =IF(G8="Cancelled", 0, F8*J8) -> 1399.96 | S8: =COUNTIF($C$2:$C$30, T8) -> 2 | T8: PROD-206 | U8: Bluetooth Speaker | V8: Accessories | W8: 79.99
A9: ORD-7007 | B9: February | C9: PROD-200 | D9: Youssef Zayed | E9: East | F9: 2 | G9: Delivered | H9: {=_xlfn.XLOOKUP(C9,Products!A:A,Products!B:D)} -> Smartphone X | I9: Electronics | J9: 999.99 | K9: =IF(G9="Cancelled", 0, F9*J9) -> 1999.98 | S9: =COUNTIF($C$2:$C$30, T9) -> 3 | T9: PROD-207 | U9: Ergonomic Chair | V9: Furniture | W9: 249.99
A10: ORD-7008 | B10: January | C10: PROD-207 | D10: Ahmed Ali | E10: South | F10: 4 | G10: Delivered | H10: {=_xlfn.XLOOKUP(C10,Products!A:A,Products!B:D)} -> Ergonomic Chair | I10: Furniture | J10: 249.99 | K10: =IF(G10="Cancelled", 0, F10*J10) -> 999.96
A11: ORD-7009 | B11: March | C11: PROD-204 | D11: Youssef Zayed | E11: East | F11: 1 | G11: Cancelled | H11: {=_xlfn.XLOOKUP(C11,Products!A:A,Products!B:D)} -> Gaming Mouse | I11: Accessories | J11: 49.99 | K11: =IF(G11="Cancelled", 0, F11*J11) -> 0
A12: ORD-7010 | B12: June | C12: PROD-207 | D12: Sara Amr | E12: West | F12: 4 | G12: Cancelled | H12: {=_xlfn.XLOOKUP(C12,Products!A:A,Products!B:D)} -> Ergonomic Chair | I12: Furniture | J12: 249.99 | K12: =IF(G12="Cancelled", 0, F12*J12) -> 0
A13: ORD-7011 | B13: April | C13: PROD-205 | D13: Omar Hassan | E13: West | F13: 3 | G13: Shipped | H13: {=_xlfn.XLOOKUP(C13,Products!A:A,Products!B:D)} -> 4K Monitor | I13: Electronics | J13: 349.99 | K13: =IF(G13="Cancelled", 0, F13*J13) -> 1049.97
A14: ORD-7012 | B14: May | C14: PROD-203 | D14: Arwa Mahmoud | E14: South | F14: 1 | G14: Cancelled | H14: {=_xlfn.XLOOKUP(C14,Products!A:A,Products!B:D)} -> Mechanical Keyboard | I14: Accessories | J14: 89.99 | K14: =IF(G14="Cancelled", 0, F14*J14) -> 0
A15: ORD-7013 | B15: June | C15: PROD-205 | D15: Youssef Zayed | E15: North | F15: 2 | G15: Delivered | H15: {=_xlfn.XLOOKUP(C15,Products!A:A,Products!B:D)} -> 4K Monitor | I15: Electronics | J15: 349.99 | K15: =IF(G15="Cancelled", 0, F15*J15) -> 699.98
A16: ORD-7014 | B16: June | C16: PROD-202 | D16: Arwa Mahmoud | E16: North | F16: 1 | G16: Delivered | H16: {=_xlfn.XLOOKUP(C16,Products!A:A,Products!B:D)} -> Wireless Headphones | I16: Accessories | J16: 149.99 | K16: =IF(G16="Cancelled", 0, F16*J16) -> 149.99
A17: ORD-7015 | B17: May | C17: PROD-200 | D17: Sara Amr | E17: West | F17: 3 | G17: Delivered | H17: {=_xlfn.XLOOKUP(C17,Products!A:A,Products!B:D)} -> Smartphone X | I17: Electronics | J17: 999.99 | K17: =IF(G17="Cancelled", 0, F17*J17) -> 2999.97
A18: ORD-7016 | B18: January | C18: PROD-205 | D18: Omar Hassan | E18: South | F18: 3 | G18: Shipped | H18: {=_xlfn.XLOOKUP(C18,Products!A:A,Products!B:D)} -> 4K Monitor | I18: Electronics | J18: 349.99 | K18: =IF(G18="Cancelled", 0, F18*J18) -> 1049.97
A19: ORD-7017 | B19: May | C19: PROD-203 | D19: Arwa Mahmoud | E19: East | F19: 2 | G19: Shipped | H19: {=_xlfn.XLOOKUP(C19,Products!A:A,Products!B:D)} -> Mechanical Keyboard | I19: Accessories | J19: 89.99 | K19: =IF(G19="Cancelled", 0, F19*J19) -> 179.98
A20: ORD-7018 | B20: April | C20: PROD-203 | D20: Sara Amr | E20: South | F20: 2 | G20: Delivered | H20: {=_xlfn.XLOOKUP(C20,Products!A:A,Products!B:D)} -> Mechanical Keyboard | I20: Accessories | J20: 89.99 | K20: =IF(G20="Cancelled", 0, F20*J20) -> 179.98
A21: ORD-7019 | B21: February | C21: PROD-206 | D21: Arwa Mahmoud | E21: West | F21: 4 | G21: Cancelled | H21: {=_xlfn.XLOOKUP(C21,Products!A:A,Products!B:D)} -> Bluetooth Speaker | I21: Accessories | J21: 79.99 | K21: =IF(G21="Cancelled", 0, F21*J21) -> 0
... A801: ORD-7799 | B801: May | C801: PROD-201 | D801: Omar Hassan | E801: East | F801: 2 | G801: Delivered | H801: {=_xlfn.XLOOKUP(C801,Products!A:A,Products!B:D)} -> Tablet Air | I801: Electronics | J801: 499.99 | K801: =IF(G801="Cancelled", 0, F801*J801) -> 999.98

Sheet Products
A1: Product ID | B1: Product Name | C1: Category | D1: Unit Price
A2: PROD-200 | B2: Smartphone X | C2: Electronics | D2: 999.99
A3: PROD-201 | B3: Tablet Air | C3: Electronics | D3: 499.99
A4: PROD-202 | B4: Wireless Headphones | C4: Accessories | D4: 149.99
A5: PROD-203 | B5: Mechanical Keyboard | C5: Accessories | D5: 89.99
A6: PROD-204 | B6: Gaming Mouse | C6: Accessories | D6: 49.99
A7: PROD-205 | B7: 4K Monitor | C7: Electronics | D7: 349.99
A8: PROD-206 | B8: Bluetooth Speaker | C8: Accessories | D8: 79.99
A9: PROD-207 | B9: Ergonomic Chair | C9: Furniture | D9: 249.99

Sheet Dashboard
