Workbook

Sheet Instructions | متطلبات التاسك
A1: Excel Advanced Functions Practice Task - Marketing Campaigns
A3: How to work
A4: 1 | B4: Each task sheet has dark-blue headers (given data) and ORANGE headers with yellow cells: write your formula in the FIRST yellow cell, then fill down.
A5: 2 | B5: The full data is in sheet "Data"; lookup tables are in sheet "Ref_Tables".
A6: 3 | B6: XLOOKUP, UNIQUE, SORT and FILTER need Excel 2021 or Microsoft 365.
A8: Task sheets | B8: Functions covered
A9: T1_Dates | B9: YEAR, MONTH, DAY, DATE, EDATE, WEEKDAY, TEXT, DATEDIF
A10: T2_Time | B10: HOUR, MINUTE, SECOND (+ TEXT, IF)
A11: T3_Lookups | B11: VLOOKUP, HLOOKUP, XLOOKUP
A12: T4_Dynamic | B12: UNIQUE, SORT, FILTER
A13: T5_Conditional | B13: SUMIF, SUMIFS, AVERAGEIFS, COUNTIFS
A15: Data dictionary | شرح مبسط لكل عمود في الداتا
A16: campaign_id | B16: Unique campaign code
A17: launch_date / end_date | B17: Campaign start and end dates
A18: launch_time | B18: Time of day the campaign went live
A19: channel / campaign_type / target_audience | B19: Descriptive categories
A20: spend_egp / revenue_egp | B20: Money spent / earned (EGP)
A21: conversions | B21: Number of conversions

Sheet Data
A1: campaign_id | B1: launch_date | C1: launch_time | D1: end_date | E1: channel | F1: campaign_type | G1: target_audience | H1: spend_egp | I1: revenue_egp | J1: conversions
A2: CMP0001 | B2: 45388 | C2: 0.60015046 | D2: 45529 | E2: Google Ads | F2: Awareness | G2: All | H2: 21794.11 | I2: 306421.78 | J2: 905
A3: CMP0002 | B3: 45389 | C3: 0.50320602 | D3: 45810 | E3: Email | F3: Awareness | G3: 25-34 | H3: 4470.93 | I3: 171646.23 | J3: 68
A4: CMP0003 | B4: 45390 | C4: 0.34012731 | D4: 45557 | E4: Email | F4: Lead Gen | G4: 35-44 | H4: 71528.94 | I4: 1861156.8 | J4: 2069
A5: CMP0004 | B5: 45391 | C5: 0.92804398 | D5: 45564 | E5: Email | F5: Lead Gen | G5: 35-44 | H5: 26788.73 | I5: 192870.52 | J5: 311
A6: CMP0005 | B6: 45392 | C6: 0.44365741 | D6: 45809 | E6: Google Ads | F6: Retargeting | G6: All | H6: 13141.2 | I6: 729616.78 | J6: 150
A7: CMP0006 | B7: 45393 | C7: 0.92912037 | D7: 45613 | E7: Email | F7: Promotion | G7: All | H7: 27245.71 | I7: 830021.67 | J7: 722
A8: CMP0007 | B8: 45394 | C8: 0.4065162 | D8: 45491 | E8: LinkedIn | F8: Retargeting | G8: 25-34 | H8: 63582.33 | I8: 2911609.4 | J8: 617
A9: CMP0008 | B9: 45395 | C9: 0.56385417 | D9: 45557 | E9: LinkedIn | F9: Promotion | G9: 35-44 | H9: 38343.73 | I9: 1617138.3 | J9: 492
A10: CMP0009 | B10: 45396 | C10: 0.89237269 | D10: 45524 | E10: Google Ads | F10: Retargeting | G10: 18-24 | H10: 23880.9 | I10: 120578.52 | J10: 1631
A11: CMP0010 | B11: 45397 | C11: 0.45869213 | D11: 45894 | E11: Google Ads | F11: Retargeting | G11: 35-44 | H11: 50591.05 | I11: 142663.28 | J11: 1054
A12: CMP0011 | B12: 45398 | C12: 0.85091435 | D12: 45632 | E12: Google Ads | F12: Lead Gen | G12: 25-34 | H12: 30550.77 | I12: 756956.86 | J12: 816
A13: CMP0012 | B13: 45399 | C13: 0.43497685 | D13: 45615 | E13: Facebook | F13: Retargeting | G13: All | H13: 62757.9 | I13: 1116314.4 | J13: 789
... A61: CMP0060 | B61: 45607 | C61: 0.85230324 | D61: 45498 | E61: TikTok | F61: Awareness | G61: All | H61: 33066.18 | I61: 177365.2 | J61: 504

Sheet Ref_Tables
A1: Table 1 - Channel info (vertical: VLOOKUP / XLOOKUP)
A2: channel | B2: channel_group | C2: platform_owner | D2: ownership_type
A3: Email | B3: Direct | C3: In-house | D3: Owned
A4: Facebook | B4: Social Media | C4: Meta | D4: Paid
A5: Google Ads | B5: Search | C5: Google | D5: Paid
A6: Instagram | B6: Social Media | C6: Meta | D6: Paid
A7: LinkedIn | B7: Social Media | C7: Microsoft | D7: Paid
A8: TikTok | B8: Social Media | C8: ByteDance | D8: Paid
A11: Table 2 - Campaign type targets (horizontal: HLOOKUP)
A12: campaign_type | B12: Awareness | C12: Lead Gen | D12: Promotion | E12: Retargeting
A13: budget_cap_egp | B13: 150000 | C13: 100000 | D13: 120000 | E13: 80000
A14: target_roas | B14: 8 | C14: 10 | D14: 12 | E14: 15

Sheet T1_Dates
A1: Task 1 - Date functions
A2: Use the first 20 campaigns. Fill the orange columns with formulas (row 6 first, then fill down).
A3: WEEKDAY: Monday = 1 ... Sunday = 7. DATE: rebuild the 1st day of the launch month from YEAR and MONTH. EDATE: launch date + 3 months.
A4: DATEDIF: days and complete months between launch_date and end_date.
A5: campaign_id | B5: launch_date | C5: end_date | D5: YEAR | E5: MONTH | F5: DAY | G5: DATE (1st of launch month) | H5: EDATE (launch + 3 months) | I5: WEEKDAY (Mon=1) | J5: TEXT (day name) | K5: TEXT ("mmm-yyyy") | L5: DATEDIF (days) | M5: DATEDIF (complete months)
A6: CMP0001 | B6: 45388 | C6: 45529 | D6: {=YEAR(B6:B25)} -> 2024 | E6: {=MONTH(B6:B25)} -> 4 | F6: =DAY(B6) -> 6 | G6: {=DATE(_xlfn.ANCHORARRAY(D6),_xlfn.ANCHORARRAY(E6),F6:F25)} -> 45388 | H6: =EDATE(B6,3) -> 45479 | I6: =WEEKDAY(B6,1) -> 7 | J6: =TEXT(B6,"dddd") -> Saturday | K6: =TEXT(B6,"mmm yyyy") -> Apr 2024 | L6: =DATEDIF(B6,C6,"D") -> 141 | M6: =DATEDIF(B6,C6,"M") -> 4
A7: CMP0002 | B7: 45726 | C7: 45810 | D7: 2025 | E7: 3 | F7: {=DAY(B7:B25)} -> 10 | G7: 45726 | H7: =EDATE(B7,3) -> 45818 | I7: =WEEKDAY(B7,1) -> 2 | J7: =TEXT(B7,"dddd") -> Monday | K7: =TEXT(B7,"mmm yyyy") -> Mar 2025 | L7: =DATEDIF(B7,C7,"D") -> 84 | M7: =DATEDIF(B7,C7,"M") -> 2
A8: CMP0003 | B8: 45518 | C8: 45557 | D8: 2024 | E8: 8 | F8: 14 | G8: 45518 | H8: =EDATE(B8,3) -> 45610 | I8: =WEEKDAY(B8,1) -> 4 | J8: =TEXT(B8,"dddd") -> Wednesday | K8: =TEXT(B8,"mmm yyyy") -> Aug 2024 | L8: =DATEDIF(B8,C8,"D") -> 39 | M8: =DATEDIF(B8,C8,"M") -> 1
A9: CMP0004 | B9: 45477 | C9: 45564 | D9: 2024 | E9: 7 | F9: 4 | G9: 45477 | H9: =EDATE(B9,3) -> 45569 | I9: =WEEKDAY(B9,1) -> 5 | J9: =TEXT(B9,"dddd") -> Thursday | K9: =TEXT(B9,"mmm yyyy") -> Jul 2024 | L9: =DATEDIF(B9,C9,"D") -> 87 | M9: =DATEDIF(B9,C9,"M") -> 2
A10: CMP0005 | B10: 45729 | C10: 45809 | D10: 2025 | E10: 3 | F10: 13 | G10: 45729 | H10: =EDATE(B10,3) -> 45821 | I10: =WEEKDAY(B10,1) -> 5 | J10: =TEXT(B10,"dddd") -> Thursday | K10: =TEXT(B10,"mmm yyyy") -> Mar 2025 | L10: =DATEDIF(B10,C10,"D") -> 80 | M10: =DATEDIF(B10,C10,"M") -> 2
A11: CMP0006 | B11: 45541 | C11: 45613 | D11: 2024 | E11: 9 | F11: 6 | G11: 45541 | H11: =EDATE(B11,3) -> 45632 | I11: =WEEKDAY(B11,1) -> 6 | J11: =TEXT(B11,"dddd") -> Friday | K11: =TEXT(B11,"mmm yyyy") -> Sep 2024 | L11: =DATEDIF(B11,C11,"D") -> 72 | M11: =DATEDIF(B11,C11,"M") -> 2
A12: CMP0007 | B12: 45412 | C12: 45491 | D12: 2024 | E12: 4 | F12: 30 | G12: 45412 | H12: =EDATE(B12,3) -> 45503 | I12: =WEEKDAY(B12,1) -> 3 | J12: =TEXT(B12,"dddd") -> Tuesday | K12: =TEXT(B12,"mmm yyyy") -> Apr 2024 | L12: =DATEDIF(B12,C12,"D") -> 79 | M12: =DATEDIF(B12,C12,"M") -> 2
A13: CMP0008 | B13: 45371 | C13: 45557 | D13: 2024 | E13: 3 | F13: 20 | G13: 45371 | H13: =EDATE(B13,3) -> 45463 | I13: =WEEKDAY(B13,1) -> 4 | J13: =TEXT(B13,"dddd") -> Wednesday | K13: =TEXT(B13,"mmm yyyy") -> Mar 2024 | L13: =DATEDIF(B13,C13,"D") -> 186 | M13: =DATEDIF(B13,C13,"M") -> 6
A14: CMP0009 | B14: 45387 | C14: 45524 | D14: 2024 | E14: 4 | F14: 5 | G14: 45387 | H14: =EDATE(B14,3) -> 45478 | I14: =WEEKDAY(B14,1) -> 6 | J14: =TEXT(B14,"dddd") -> Friday | K14: =TEXT(B14,"mmm yyyy") -> Apr 2024 | L14: =DATEDIF(B14,C14,"D") -> 137 | M14: =DATEDIF(B14,C14,"M") -> 4
A15: CMP0010 | B15: 45748 | C15: 45894 | D15: 2025 | E15: 4 | F15: 1 | G15: 45748 | H15: =EDATE(B15,3) -> 45839 | I15: =WEEKDAY(B15,1) -> 3 | J15: =TEXT(B15,"dddd") -> Tuesday | K15: =TEXT(B15,"mmm yyyy") -> Apr 2025 | L15: =DATEDIF(B15,C15,"D") -> 146 | M15: =DATEDIF(B15,C15,"M") -> 4
A16: CMP0011 | B16: 45515 | C16: 45632 | D16: 2024 | E16: 8 | F16: 11 | G16: 45515 | H16: =EDATE(B16,3) -> 45607 | I16: =WEEKDAY(B16,1) -> 1 | J16: =TEXT(B16,"dddd") -> Sunday | K16: =TEXT(B16,"mmm yyyy") -> Aug 2024 | L16: =DATEDIF(B16,C16,"D") -> 117 | M16: =DATEDIF(B16,C16,"M") -> 3
A17: CMP0012 | B17: 45576 | C17: 45615 | D17: 2024 | E17: 10 | F17: 11 | G17: 45576 | H17: =EDATE(B17,3) -> 45668 | I17: =WEEKDAY(B17,1) -> 6 | J17: =TEXT(B17,"dddd") -> Friday | K17: =TEXT(B17,"mmm yyyy") -> Oct 2024 | L17: =DATEDIF(B17,C17,"D") -> 39 | M17: =DATEDIF(B17,C17,"M") -> 1
A18: CMP0013 | B18: 45528 | C18: 45670 | D18: 2024 | E18: 8 | F18: 24 | G18: 45528 | H18: =EDATE(B18,3) -> 45620 | I18: =WEEKDAY(B18,1) -> 7 | J18: =TEXT(B18,"dddd") -> Saturday | K18: =TEXT(B18,"mmm yyyy") -> Aug 2024 | L18: =DATEDIF(B18,C18,"D") -> 142 | M18: =DATEDIF(B18,C18,"M") -> 4
A19: CMP0014 | B19: 45561 | C19: 45756 | D19: 2024 | E19: 9 | F19: 26 | G19: 45561 | H19: =EDATE(B19,3) -> 45652 | I19: =WEEKDAY(B19,1) -> 5 | J19: =TEXT(B19,"dddd") -> Thursday | K19: =TEXT(B19,"mmm yyyy") -> Sep 2024 | L19: =DATEDIF(B19,C19,"D") -> 195 | M19: =DATEDIF(B19,C19,"M") -> 6
... A25: CMP0020 | B25: 45563 | C25: 45633 | D25: 2024 | E25: 9 | F25: 28 | G25: 45563 | H25: =EDATE(B25,3) -> 45654 | I25: =WEEKDAY(B25,1) -> 7 | J25: =TEXT(B25,"dddd") -> Saturday | K25: =TEXT(B25,"mmm yyyy") -> Sep 2024 | L25: =DATEDIF(B25,C25,"D") -> 70 | M25: =DATEDIF(B25,C25,"M") -> 2

Sheet T2_Time
A2: Use the first 20 campaigns. D=HOUR, E=MINUTE, F=SECOND of launch_time.
A3: G = seconds since midnight (use D, E, F). H = TEXT(launch_time, "hh:mm AM/PM").
A4: I = IF + HOUR: "Morning" if hour < 12, "Afternoon" if hour < 18, otherwise "Evening".
A5: campaign_id | B5: launch_date | C5: launch_time | D5: HOUR | E5: MINUTE | F5: SECOND | G5: Seconds since midnight | H5: TEXT (hh:mm AM/PM) | I5: Day part (IF + HOUR)
A6: CMP0001 | B6: 45388 | C6: 0.60015046 | D6: =HOUR(C6) -> 14 | E6: {=MINUTE(C6:C25)} -> 24 | F6: =SECOND(C6) -> 13 | G6: {=TIME(D6:D25,_xlfn.ANCHORARRAY(E6),F6:F25)} -> 0.60015046 | H6: {=TEXT(C6:C25,"hh:mm AM/PM")} -> 02:24 PM | I6: =IF(D6<12,"Morning",IF(D6<18,"Afternoon","Evening")) -> Afternoon
A7: CMP0002 | B7: 45726 | C7: 0.50320602 | D7: =HOUR(C7) -> 12 | E7: 4 | F7: {=SECOND(C7:C25)} -> 37 | G7: 0.50320602 | H7: 12:04 PM | I7: =IF(D7<12,"Morning",IF(D7<18,"Afternoon","Evening")) -> Afternoon
A8: CMP0003 | B8: 45518 | C8: 0.34012731 | D8: =HOUR(C8) -> 8 | E8: 9 | F8: 47 | G8: 0.34012731 | H8: 08:09 AM | I8: =IF(D8<12,"Morning",IF(D8<18,"Afternoon","Evening")) -> Morning
A9: CMP0004 | B9: 45477 | C9: 0.92804398 | D9: =HOUR(C9) -> 22 | E9: 16 | F9: 23 | G9: 0.92804398 | H9: 10:16 PM | I9: =IF(D9<12,"Morning",IF(D9<18,"Afternoon","Evening")) -> Evening
A10: CMP0005 | B10: 45729 | C10: 0.44365741 | D10: =HOUR(C10) -> 10 | E10: 38 | F10: 52 | G10: 0.44365741 | H10: 10:38 AM | I10: =IF(D10<12,"Morning",IF(D10<18,"Afternoon","Evening")) -> Morning
A11: CMP0006 | B11: 45541 | C11: 0.92912037 | D11: =HOUR(C11) -> 22 | E11: 17 | F11: 56 | G11: 0.92912037 | H11: 10:17 PM | I11: =IF(D11<12,"Morning",IF(D11<18,"Afternoon","Evening")) -> Evening
A12: CMP0007 | B12: 45412 | C12: 0.4065162 | D12: =HOUR(C12) -> 9 | E12: 45 | F12: 23 | G12: 0.4065162 | H12: 09:45 AM | I12: =IF(D12<12,"Morning",IF(D12<18,"Afternoon","Evening")) -> Morning
A13: CMP0008 | B13: 45371 | C13: 0.56385417 | D13: =HOUR(C13) -> 13 | E13: 31 | F13: 57 | G13: 0.56385417 | H13: 01:31 PM | I13: =IF(D13<12,"Morning",IF(D13<18,"Afternoon","Evening")) -> Afternoon
A14: CMP0009 | B14: 45387 | C14: 0.89237269 | D14: =HOUR(C14) -> 21 | E14: 25 | F14: 1 | G14: 0.89237269 | H14: 09:25 PM | I14: =IF(D14<12,"Morning",IF(D14<18,"Afternoon","Evening")) -> Evening
A15: CMP0010 | B15: 45748 | C15: 0.45869213 | D15: =HOUR(C15) -> 11 | E15: 0 | F15: 31 | G15: 0.45869213 | H15: 11:00 AM | I15: =IF(D15<12,"Morning",IF(D15<18,"Afternoon","Evening")) -> Morning
A16: CMP0011 | B16: 45515 | C16: 0.85091435 | D16: =HOUR(C16) -> 20 | E16: 25 | F16: 19 | G16: 0.85091435 | H16: 08:25 PM | I16: =IF(D16<12,"Morning",IF(D16<18,"Afternoon","Evening")) -> Evening
A17: CMP0012 | B17: 45576 | C17: 0.43497685 | D17: =HOUR(C17) -> 10 | E17: 26 | F17: 22 | G17: 0.43497685 | H17: 10:26 AM | I17: =IF(D17<12,"Morning",IF(D17<18,"Afternoon","Evening")) -> Morning
A18: CMP0013 | B18: 45528 | C18: 0.76396991 | D18: =HOUR(C18) -> 18 | E18: 20 | F18: 7 | G18: 0.76396991 | H18: 06:20 PM | I18: =IF(D18<12,"Morning",IF(D18<18,"Afternoon","Evening")) -> Evening
A19: CMP0014 | B19: 45561 | C19: 0.66689815 | D19: =HOUR(C19) -> 16 | E19: 0 | F19: 20 | G19: 0.66689815 | H19: 04:00 PM | I19: =IF(D19<12,"Morning",IF(D19<18,"Afternoon","Evening")) -> Afternoon
... A25: CMP0020 | B25: 45563 | C25: 0.34998843 | D25: =HOUR(C25) -> 8 | E25: 23 | F25: 59 | G25: 0.34998843 | H25: 08:23 AM | I25: =IF(D25<12,"Morning",IF(D25<18,"Afternoon","Evening")) -> Morning

Sheet T3_Lookups
A1: Task 3 - Lookup functions
A2: D = VLOOKUP: platform_owner of the channel (Ref_Tables Table 1, exact match). E = HLOOKUP: budget_cap_egp of the campaign type (Ref_Tables Table 2).
A3: F = XLOOKUP: revenue_egp of the campaign_id from sheet Data, return "Not found" if missing. G = XLOOKUP: launch_date of the campaign_id (same rule).
A4: H = "Yes" if the campaign spend_egp (XLOOKUP from Data) is above the budget cap in E, otherwise "No"; keep "Not found" for unknown ids. Note: the last 3 ids do not exist.
A5: campaign_id | B5: channel | C5: campaign_type | D5: VLOOKUP (platform_owner) | E5: HLOOKUP (budget_cap_egp) | F5: XLOOKUP (revenue_egp) | G5: XLOOKUP (launch_date) | H5: Spend over cap? (XLOOKUP + IF)
A6: CMP0001 | B6: Google Ads | C6: Awareness | D6: =VLOOKUP(B6,Ref_Tables!$A$3:$C$8,3,FALSE) -> Google | E6: =HLOOKUP(C6,Ref_Tables!$B$12:$E$14,2,FALSE) -> 150000 | F6: {=IFERROR(_xlfn.XLOOKUP(A6:A20,Data!A:A,Data!I:I),"Not Found")} -> 306421.78 | G6: {=IFERROR(_xlfn.XLOOKUP(A6:A20,Data!A:A,Data!B:B),"Not Found")} -> 45388 | H6: =IF(_xlfn.XLOOKUP(A6,Data!A:A,Data!H:H,"Not found")="Not found","Not found",IF(_xlfn.XLOOKUP(A6,Data!A:A,Data!H:H)>E6,"Yes","No")) -> No
A7: CMP0002 | B7: Email | C7: Awareness | D7: =VLOOKUP(B7,Ref_Tables!$A$3:$C$8,3,FALSE) -> In-house | E7: =HLOOKUP(C7,Ref_Tables!$B$12:$E$14,2,FALSE) -> 150000 | F7: 171646.23 | G7: 45389 | H7: =IF(_xlfn.XLOOKUP(A7,Data!A:A,Data!H:H,"Not found")="Not found","Not found",IF(_xlfn.XLOOKUP(A7,Data!A:A,Data!H:H)>E7,"Yes","No")) -> No
A8: CMP0003 | B8: Email | C8: Lead Gen | D8: =VLOOKUP(B8,Ref_Tables!$A$3:$C$8,3,FALSE) -> In-house | E8: =HLOOKUP(C8,Ref_Tables!$B$12:$E$14,2,FALSE) -> 100000 | F8: 1861156.8 | G8: 45390 | H8: =IF(_xlfn.XLOOKUP(A8,Data!A:A,Data!H:H,"Not found")="Not found","Not found",IF(_xlfn.XLOOKUP(A8,Data!A:A,Data!H:H)>E8,"Yes","No")) -> No
A9: CMP0004 | B9: Email | C9: Lead Gen | D9: =VLOOKUP(B9,Ref_Tables!$A$3:$C$8,3,FALSE) -> In-house | E9: =HLOOKUP(C9,Ref_Tables!$B$12:$E$14,2,FALSE) -> 100000 | F9: 192870.52 | G9: 45391 | H9: =IF(_xlfn.XLOOKUP(A9,Data!A:A,Data!H:H,"Not found")="Not found","Not found",IF(_xlfn.XLOOKUP(A9,Data!A:A,Data!H:H)>E9,"Yes","No")) -> No
A10: CMP0005 | B10: Google Ads | C10: Retargeting | D10: =VLOOKUP(B10,Ref_Tables!$A$3:$C$8,3,FALSE) -> Google | E10: =HLOOKUP(C10,Ref_Tables!$B$12:$E$14,2,FALSE) -> 80000 | F10: 729616.78 | G10: 45392 | H10: =IF(_xlfn.XLOOKUP(A10,Data!A:A,Data!H:H,"Not found")="Not found","Not found",IF(_xlfn.XLOOKUP(A10,Data!A:A,Data!H:H)>E10,"Yes","No")) -> No
A11: CMP0006 | B11: Email | C11: Promotion | D11: =VLOOKUP(B11,Ref_Tables!$A$3:$C$8,3,FALSE) -> In-house | E11: =HLOOKUP(C11,Ref_Tables!$B$12:$E$14,2,FALSE) -> 120000 | F11: 830021.67 | G11: 45393 | H11: =IF(_xlfn.XLOOKUP(A11,Data!A:A,Data!H:H,"Not found")="Not found","Not found",IF(_xlfn.XLOOKUP(A11,Data!A:A,Data!H:H)>E11,"Yes","No")) -> No
A12: CMP0007 | B12: LinkedIn | C12: Retargeting | D12: =VLOOKUP(B12,Ref_Tables!$A$3:$C$8,3,FALSE) -> Microsoft | E12: =HLOOKUP(C12,Ref_Tables!$B$12:$E$14,2,FALSE) -> 80000 | F12: 2911609.4 | G12: 45394 | H12: =IF(_xlfn.XLOOKUP(A12,Data!A:A,Data!H:H,"Not found")="Not found","Not found",IF(_xlfn.XLOOKUP(A12,Data!A:A,Data!H:H)>E12,"Yes","No")) -> No
A13: CMP0008 | B13: LinkedIn | C13: Promotion | D13: =VLOOKUP(B13,Ref_Tables!$A$3:$C$8,3,FALSE) -> Microsoft | E13: =HLOOKUP(C13,Ref_Tables!$B$12:$E$14,2,FALSE) -> 120000 | F13: 1617138.3 | G13: 45395 | H13: =IF(_xlfn.XLOOKUP(A13,Data!A:A,Data!H:H,"Not found")="Not found","Not found",IF(_xlfn.XLOOKUP(A13,Data!A:A,Data!H:H)>E13,"Yes","No")) -> No
A14: CMP0009 | B14: Google Ads | C14: Retargeting | D14: =VLOOKUP(B14,Ref_Tables!$A$3:$C$8,3,FALSE) -> Google | E14: =HLOOKUP(C14,Ref_Tables!$B$12:$E$14,2,FALSE) -> 80000 | F14: 120578.52 | G14: 45396 | H14: =IF(_xlfn.XLOOKUP(A14,Data!A:A,Data!H:H,"Not found")="Not found","Not found",IF(_xlfn.XLOOKUP(A14,Data!A:A,Data!H:H)>E14,"Yes","No")) -> No
A15: CMP0010 | B15: Google Ads | C15: Retargeting | D15: =VLOOKUP(B15,Ref_Tables!$A$3:$C$8,3,FALSE) -> Google | E15: =HLOOKUP(C15,Ref_Tables!$B$12:$E$14,2,FALSE) -> 80000 | F15: 142663.28 | G15: 45397 | H15: =IF(_xlfn.XLOOKUP(A15,Data!A:A,Data!H:H,"Not found")="Not found","Not found",IF(_xlfn.XLOOKUP(A15,Data!A:A,Data!H:H)>E15,"Yes","No")) -> No
A16: CMP0011 | B16: Google Ads | C16: Lead Gen | D16: =VLOOKUP(B16,Ref_Tables!$A$3:$C$8,3,FALSE) -> Google | E16: =HLOOKUP(C16,Ref_Tables!$B$12:$E$14,2,FALSE) -> 100000 | F16: 756956.86 | G16: 45398 | H16: =IF(_xlfn.XLOOKUP(A16,Data!A:A,Data!H:H,"Not found")="Not found","Not found",IF(_xlfn.XLOOKUP(A16,Data!A:A,Data!H:H)>E16,"Yes","No")) -> No
A17: CMP0012 | B17: Facebook | C17: Retargeting | D17: =VLOOKUP(B17,Ref_Tables!$A$3:$C$8,3,FALSE) -> Meta | E17: =HLOOKUP(C17,Ref_Tables!$B$12:$E$14,2,FALSE) -> 80000 | F17: 1116314.4 | G17: 45399 | H17: =IF(_xlfn.XLOOKUP(A17,Data!A:A,Data!H:H,"Not found")="Not found","Not found",IF(_xlfn.XLOOKUP(A17,Data!A:A,Data!H:H)>E17,"Yes","No")) -> No
A18: CMP9001 | B18: Email | C18: Lead Gen | D18: =VLOOKUP(B18,Ref_Tables!$A$3:$C$8,3,FALSE) -> In-house | E18: =HLOOKUP(C18,Ref_Tables!$B$12:$E$14,2,FALSE) -> 100000 | F18: Not Found | G18: Not Found | H18: =IF(_xlfn.XLOOKUP(A18,Data!A:A,Data!H:H,"Not found")="Not found","Not found",IF(_xlfn.XLOOKUP(A18,Data!A:A,Data!H:H)>E18,"Yes","No")) -> Not found
A19: CMP9002 | B19: Email | C19: Retargeting | D19: =VLOOKUP(B19,Ref_Tables!$A$3:$C$8,3,FALSE) -> In-house | E19: =HLOOKUP(C19,Ref_Tables!$B$12:$E$14,2,FALSE) -> 80000 | F19: Not Found | G19: Not Found | H19: =IF(_xlfn.XLOOKUP(A19,Data!A:A,Data!H:H,"Not found")="Not found","Not found",IF(_xlfn.XLOOKUP(A19,Data!A:A,Data!H:H)>E19,"Yes","No")) -> Not found
A20: CMP9003 | B20: TikTok | C20: Retargeting | D20: =VLOOKUP(B20,Ref_Tables!$A$3:$C$8,3,FALSE) -> ByteDance | E20: =HLOOKUP(C20,Ref_Tables!$B$12:$E$14,2,FALSE) -> 80000 | F20: Not Found | G20: Not Found | H20: =IF(_xlfn.XLOOKUP(A20,Data!A:A,Data!H:H,"Not found")="Not found","Not found",IF(_xlfn.XLOOKUP(A20,Data!A:A,Data!H:H)>E20,"Yes","No")) -> Not found

Sheet T4_Dynamic
A1: Task 4 - Dynamic array functions: type ONE formula in each yellow cell (row 6); the result spills down/right.
A2: Q1 (B6): UNIQUE list of channels from Data. Q2 (D6): alphabetically sorted list of unique campaign types (SORT + UNIQUE).
A3: Q3 (F6): the whole Data table (A2:J61) sorted by revenue_egp, highest first. Q4 (P6): FILTER all Data rows where channel is "Email".
A4: Q5 (Z6): FILTER rows with revenue_egp > 1,000,000 AND target_audience = "All", then SORT by spend_egp ascending.
B5: Q1 UNIQUE | D5: Q2 SORT(UNIQUE) | F5: Q3 SORT | P5: Q4 FILTER | Z5: Q5 SORT(FILTER)
B6: {=_xlfn.UNIQUE(Data!E:E)} -> channel | D6: {=_xlfn._xlws.SORT(_xlfn.UNIQUE(Data!F:F))} -> Awareness | F6: {=_xlfn._xlws.SORT(Data!A1:J61,9,-1)} -> campaign_id | G6: launch_date | H6: launch_time | I6: end_date | J6: channel | K6: campaign_type | L6: target_audience | M6: spend_egp | N6: revenue_egp | O6: conversions | P6: {=_xlfn._xlws.FILTER(Data!A1:J61,Data!E1:E61="Email","Not Found")} -> CMP0002 | Q6: 45389 | R6: 0.50320602 | S6: 45810 | T6: Email | U6: Awareness | V6: 25-34 | W6: 4470.93 | X6: 171646.23 | Y6: 68 | Z6: {=_xlfn._xlws.SORT(_xlfn._xlws.FILTER(Data!A2:J61,(Data!I2:I61>1000000)*(Data!G2:G61="All"),"No Result"),8,1)} -> CMP0022 | AA6: 45569 | AB6: 0.30354167 | AC6: 45979 | AD6: Google Ads | AE6: Lead Gen | AF6: All | AG6: 38709.48 | AH6: 1895735.2 | AI6: 1195
B7: Google Ads | D7: campaign_type | F7: CMP0023 | G7: 45570 | H7: 0.32895833 | I7: 45581 | J7: Facebook | K7: Retargeting | L7: 35-44 | M7: 132350.64 | N7: 5858333.5 | O7: 3186 | P7: CMP0003 | Q7: 45390 | R7: 0.34012731 | S7: 45557 | T7: Email | U7: Lead Gen | V7: 35-44 | W7: 71528.94 | X7: 1861156.8 | Y7: 2069 | Z7: CMP0035 | AA7: 45582 | AB7: 0.96400463 | AC7: 45719 | AD7: Instagram | AE7: Retargeting | AF7: All | AG7: 55938.94 | AH7: 3164903 | AI7: 2305
B8: Email | D8: Lead Gen | F8: CMP0050 | G8: 45597 | H8: 0.55782407 | I8: 45507 | J8: Facebook | K8: Awareness | L8: 18-24 | M8: 124900.71 | N8: 4757309 | O8: 800 | P8: CMP0004 | Q8: 45391 | R8: 0.92804398 | S8: 45564 | T8: Email | U8: Lead Gen | V8: 35-44 | W8: 26788.73 | X8: 192870.52 | Y8: 311 | Z8: CMP0012 | AA8: 45399 | AB8: 0.43497685 | AC8: 45615 | AD8: Facebook | AE8: Retargeting | AF8: All | AG8: 62757.9 | AH8: 1116314.4 | AI8: 789
B9: LinkedIn | D9: Promotion | F9: CMP0049 | G9: 45596 | H9: 0.96203704 | I9: 45562 | J9: Facebook | K9: Promotion | L9: 25-34 | M9: 69538.48 | N9: 3490050.3 | O9: 1307 | P9: CMP0006 | Q9: 45393 | R9: 0.92912037 | S9: 45613 | T9: Email | U9: Promotion | V9: All | W9: 27245.71 | X9: 830021.67 | Y9: 722
B10: Facebook | D10: Retargeting | F10: CMP0016 | G10: 45563 | H10: 0.41611111 | I10: 45730 | J10: Instagram | K10: Retargeting | L10: 18-24 | M10: 115625.38 | N10: 3430499.2 | O10: 3122 | P10: CMP0017 | Q10: 45564 | R10: 0.29012731 | S10: 45635 | T10: Email | U10: Promotion | V10: All | W10: 7703.73 | X10: 35249.75 | Y10: 90
B11: Instagram | D11: 0 | F11: CMP0035 | G11: 45582 | H11: 0.96400463 | I11: 45719 | J11: Instagram | K11: Retargeting | L11: All | M11: 55938.94 | N11: 3164903 | O11: 2305 | P11: CMP0018 | Q11: 45565 | R11: 0.63637731 | S11: 45499 | T11: Email | U11: Lead Gen | V11: All | W11: 5106.69 | X11: 120055.31 | Y11: 79
B12: TikTok | F12: CMP0007 | G12: 45394 | H12: 0.4065162 | I12: 45491 | J12: LinkedIn | K12: Retargeting | L12: 25-34 | M12: 63582.33 | N12: 2911609.4 | O12: 617 | P12: CMP0019 | Q12: 45566 | R12: 0.35097222 | S12: 45601 | T12: Email | U12: Retargeting | V12: 45+ | W12: 27818.61 | X12: 823517.47 | Y12: 577
B13: 0 | F13: CMP0028 | G13: 45575 | H13: 0.83056713 | I13: 45874 | J13: TikTok | K13: Promotion | L13: 25-34 | M13: 79718 | N13: 2678254.8 | O13: 1973 | P13: CMP0041 | Q13: 45588 | R13: 0.38241898 | S13: 45549 | T13: Email | U13: Lead Gen | V13: 18-24 | W13: 25190.29 | X13: 161660.81 | Y13: 669
F14: CMP0048 | G14: 45595 | H14: 0.34121528 | I14: 45682 | J14: Instagram | K14: Awareness | L14: 45+ | M14: 62207.27 | N14: 2482431 | O14: 2399 | P14: CMP0047 | Q14: 45594 | R14: 0.96684028 | S14: 45786 | T14: Email | U14: Promotion | V14: 18-24 | W14: 8063.43 | X14: 19334.07 | Y14: 297
F15: CMP0022 | G15: 45569 | H15: 0.30354167 | I15: 45979 | J15: Google Ads | K15: Lead Gen | L15: All | M15: 38709.48 | N15: 1895735.2 | O15: 1195 | P15: CMP0054 | Q15: 45601 | R15: 0.59847222 | S15: 45949 | T15: Email | U15: Awareness | V15: 35-44 | W15: 5917.25 | X15: 291703.21 | Y15: 210
F16: CMP0003 | G16: 45390 | H16: 0.34012731 | I16: 45557 | J16: Email | K16: Lead Gen | L16: 35-44 | M16: 71528.94 | N16: 1861156.8 | O16: 2069
F17: CMP0056 | G17: 45603 | H17: 0.71438657 | I17: 45784 | J17: Google Ads | K17: Retargeting | L17: 25-34 | M17: 100431.45 | N17: 1820252.7 | O17: 731
F18: CMP0021 | G18: 45568 | H18: 0.82519676 | I18: 45871 | J18: Google Ads | K18: Awareness | L18: 35-44 | M18: 52852.57 | N18: 1682097.3 | O18: 1032
F19: CMP0008 | G19: 45395 | H19: 0.56385417 | I19: 45557 | J19: LinkedIn | K19: Promotion | L19: 35-44 | M19: 38343.73 | N19: 1617138.3 | O19: 492
F20: CMP0037 | G20: 45584 | H20: 0.63837963 | I20: 45701 | J20: TikTok | K20: Promotion | L20: 18-24 | M20: 24990.08 | N20: 1348865.7 | O20: 781
F21: CMP0043 | G21: 45590 | H21: 0.95684028 | I21: 45444 | J21: TikTok | K21: Lead Gen | L21: 45+ | M21: 24396.78 | N21: 1314356.6 | O21: 1424
F22: CMP0033 | G22: 45580 | H22: 0.44577546 | I22: 45965 | J22: LinkedIn | K22: Retargeting | L22: 18-24 | M22: 22483.31 | N22: 1195411.2 | O22: 450
F23: CMP0012 | G23: 45399 | H23: 0.43497685 | I23: 45615 | J23: Facebook | K23: Retargeting | L23: All | M23: 62757.9 | N23: 1116314.4 | O23: 789
F24: CMP0015 | G24: 45562 | H24: 0.70376157 | I24: 45912 | J24: LinkedIn | K24: Awareness | L24: 45+ | M24: 20545.95 | N24: 1112001.9 | O24: 611
F25: CMP0040 | G25: 45587 | H25: 0.98778935 | I25: 45386 | J25: Google Ads | K25: Retargeting | L25: 45+ | M25: 24874.07 | N25: 1060489.9 | O25: 321
F26: CMP0053 | G26: 45600 | H26: 0.92597222 | I26: 45556 | J26: Google Ads | K26: Lead Gen | L26: 18-24 | M26: 49368.04 | N26: 1042503.3 | O26: 220
F27: CMP0038 | G27: 45585 | H27: 0.60116898 | I27: 45596 | J27: Facebook | K27: Retargeting | L27: 25-34 | M27: 21093.57 | N27: 953026.53 | O27: 694
... F66: CMP0047 | G66: 45594 | H66: 0.96684028 | I66: 45786 | J66: Email | K66: Promotion | L66: 18-24 | M66: 8063.43 | N66: 19334.07 | O66: 297

Sheet T5_Conditional
A1: Task 5 - Conditional aggregation (use mixed/absolute references so one formula fills the whole table)
A2: A) SUMIF: total revenue_egp per channel. B) SUMIFS: total spend_egp per channel (rows) and campaign type (columns).
A3: C) AVERAGEIFS: average revenue_egp per target audience for campaigns launched in 2025 only (use ">="&DATE(2025,1,1) and "<="&DATE(2025,12,31); wrap in IFERROR(...,"No data")).
A4: D) COUNTIFS: number of campaigns per channel with revenue_egp > 500,000 AND conversions >= 500.
A6: A) SUMIF - revenue by channel | D6: B) SUMIFS - spend by channel x campaign type
A7: channel | B7: SUMIF revenue_egp | D7: channel | E7: Awareness | F7: Lead Gen | G7: Promotion | H7: Retargeting
A8: Email | B8: =SUMIF(Data!$E$37:$E$61,T5_Conditional!A8,Data!$I$37:$I$61) -> 472698.09 | D8: Email | E8: =SUMIFS(Data!$H$2:$H$61,Data!$E$2:$E$61,$D8,Data!$F$2:$F$61,E$7) -> 10388.18 | F8: =SUMIFS(Data!$H$2:$H$61,Data!$E$2:$E$61,$D8,Data!$F$2:$F$61,F$7) -> 128614.65 | G8: =SUMIFS(Data!$H$2:$H$61,Data!$E$2:$E$61,$D8,Data!$F$2:$F$61,G$7) -> 43012.87 | H8: =SUMIFS(Data!$H$2:$H$61,Data!$E$2:$E$61,$D8,Data!$F$2:$F$61,H$7) -> 27818.61
A9: Facebook | B9: =SUMIF(Data!$E$37:$E$61,T5_Conditional!A9,Data!$I$37:$I$61) -> 10390437 | D9: Facebook | E9: =SUMIFS(Data!$H$2:$H$61,Data!$E$2:$E$61,$D9,Data!$F$2:$F$61,E$7) -> 177731.45 | F9: =SUMIFS(Data!$H$2:$H$61,Data!$E$2:$E$61,$D9,Data!$F$2:$F$61,F$7) -> 77462.61 | G9: =SUMIFS(Data!$H$2:$H$61,Data!$E$2:$E$61,$D9,Data!$F$2:$F$61,G$7) -> 95284.5 | H9: =SUMIFS(Data!$H$2:$H$61,Data!$E$2:$E$61,$D9,Data!$F$2:$F$61,H$7) -> 256284.51
A10: Google Ads | B10: =SUMIF(Data!$E$37:$E$61,T5_Conditional!A10,Data!$I$37:$I$61) -> 4272611.2 | D10: Google Ads | E10: =SUMIFS(Data!$H$2:$H$61,Data!$E$2:$E$61,$D10,Data!$F$2:$F$61,E$7) -> 111034.83 | F10: =SUMIFS(Data!$H$2:$H$61,Data!$E$2:$E$61,$D10,Data!$F$2:$F$61,F$7) -> 118628.29 | G10: =SUMIFS(Data!$H$2:$H$61,Data!$E$2:$E$61,$D10,Data!$F$2:$F$61,G$7) -> 5982.44 | H10: =SUMIFS(Data!$H$2:$H$61,Data!$E$2:$E$61,$D10,Data!$F$2:$F$61,H$7) -> 212918.67
A11: Instagram | B11: =SUMIF(Data!$E$37:$E$61,T5_Conditional!A11,Data!$I$37:$I$61) -> 3320670.5 | D11: Instagram | E11: =SUMIFS(Data!$H$2:$H$61,Data!$E$2:$E$61,$D11,Data!$F$2:$F$61,E$7) -> 68376.49 | F11: =SUMIFS(Data!$H$2:$H$61,Data!$E$2:$E$61,$D11,Data!$F$2:$F$61,F$7) -> 99264.31 | G11: =SUMIFS(Data!$H$2:$H$61,Data!$E$2:$E$61,$D11,Data!$F$2:$F$61,G$7) -> 14378.81 | H11: =SUMIFS(Data!$H$2:$H$61,Data!$E$2:$E$61,$D11,Data!$F$2:$F$61,H$7) -> 231605.09
A12: LinkedIn | B12: =SUMIF(Data!$E$37:$E$61,T5_Conditional!A12,Data!$I$37:$I$61) -> 2213842.8 | D12: LinkedIn | E12: =SUMIFS(Data!$H$2:$H$61,Data!$E$2:$E$61,$D12,Data!$F$2:$F$61,E$7) -> 48730 | F12: =SUMIFS(Data!$H$2:$H$61,Data!$E$2:$E$61,$D12,Data!$F$2:$F$61,F$7) -> 90877.16 | G12: =SUMIFS(Data!$H$2:$H$61,Data!$E$2:$E$61,$D12,Data!$F$2:$F$61,G$7) -> 61268.79 | H12: =SUMIFS(Data!$H$2:$H$61,Data!$E$2:$E$61,$D12,Data!$F$2:$F$61,H$7) -> 86065.64
A13: TikTok | B13: =SUMIF(Data!$E$37:$E$61,T5_Conditional!A13,Data!$I$37:$I$61) -> 4153884.3 | D13: TikTok | E13: =SUMIFS(Data!$H$2:$H$61,Data!$E$2:$E$61,$D13,Data!$F$2:$F$61,E$7) -> 33066.18 | F13: =SUMIFS(Data!$H$2:$H$61,Data!$E$2:$E$61,$D13,Data!$F$2:$F$61,F$7) -> 113420.53 | G13: =SUMIFS(Data!$H$2:$H$61,Data!$E$2:$E$61,$D13,Data!$F$2:$F$61,G$7) -> 104708.08 | H13: =SUMIFS(Data!$H$2:$H$61,Data!$E$2:$E$61,$D13,Data!$F$2:$F$61,H$7) -> 88000.81
A17: C) AVERAGEIFS - avg revenue, launched in 2025 | D17: D) COUNTIFS - revenue > 500,000 and conversions >= 500
A18: target_audience | B18: AVERAGEIFS revenue_egp | D18: channel | E18: COUNTIFS (campaigns)
A19: 18-24 | B19: =IFERROR(AVERAGEIFS($I:$I,$G:$G,A5,$B:$B,">="&DATE(2025,1,1),$B:$B,"<="&DATE(2025,12,31)),"No data") -> No data | D19: Email | E19: =COUNTIFS(Data!I:I,">500000",Data!J:J,">=500") -> 27
A20: 25-34 | B20: =IFERROR(AVERAGEIFS($I:$I,$G:$G,A5,$B:$B,">="&DATE(2025,1,1),$B:$B,"<="&DATE(2025,12,31)),"No data") -> No data | D20: Facebook | E20: =COUNTIFS(Data!I:I,">500000",Data!J:J,">=500") -> 27
A21: 35-44 | B21: =IFERROR(AVERAGEIFS($I:$I,$G:$G,A6,$B:$B,">="&DATE(2025,1,1),$B:$B,"<="&DATE(2025,12,31)),"No data") -> No data | D21: Google Ads | E21: =COUNTIFS(Data!I:I,">500000",Data!J:J,">=500") -> 27
A22: 45+ | B22: =IFERROR(AVERAGEIFS($I:$I,$G:$G,A7,$B:$B,">="&DATE(2025,1,1),$B:$B,"<="&DATE(2025,12,31)),"No data") -> No data | D22: Instagram | E22: =COUNTIFS(Data!I:I,">500000",Data!J:J,">=500") -> 27
A23: All | B23: =IFERROR(AVERAGEIFS($I:$I,$G:$G,A8,$B:$B,">="&DATE(2025,1,1),$B:$B,"<="&DATE(2025,12,31)),"No data") -> No data | D23: LinkedIn | E23: =COUNTIFS(Data!I:I,">500000",Data!J:J,">=500") -> 27
D24: TikTok | E24: =COUNTIFS(Data!I:I,">500000",Data!J:J,">=500") -> 27
